FOOD_NM,INGREDIENT,TYPE
깍두기,김치(깍두기),김치
찰기장밥,"기장(찰기장)/친환경, 찹쌀(백미)/친환경, 멥쌀(백미)/친환경",밥
오징어무국,"미나리/국산, 고춧가루/친환경, 호박(애호박)/친환경, 파(대파)/친환경, 양파/친환경, 무(조선무)/친환경, 다시마/말린것(건조), 멸치(큰멸치, 대멸), 오징어/국산, 오징어/솔방울채",국
삼색햄달걀말이,"달걀(전란), 햄(쵸핑햄), 당근/국산, 해바라기유, 우유, 간장(양조간장), 시금치, 표고버섯/친환경, 마늘/껍질제거(깐것), 꼭지제거",반찬
수박,수박,후식
배추김치,김치(배추김치),김치
보리밥,"멥쌀(현미)/친환경, 보리(찰보리), 멥쌀(백미)/친환경, 찹쌀(현미)/친환경, 기능성기장(칼슘강화)",밥
해물순두부찌개,"간장(재래간장), 소금(꽃소금), 고춧가루, 다시마(뿌리다시마)/말린것(건조), 달걀, 멸치(큰멸치, 대멸), 오징어/껍질있는것(안깐것), 채썬것(세절), 바지락살, 마늘/껍질제거(깐것), 꼭지제거, 양파/껍질제거(깐것), 팽이버섯, 고추(붉은고추(홍고추)), 두부(순두부), 고추씨기름, 유채씨유(카놀라유), 파(대파)/껍질제거(깐것), 새우살(백새우), 호박(애호박)",국
코다리떡강정,"깨(참깨)/볶은것, 껍질제거(깐것), 코다리살/강정용, 깍둑썰기, 설탕(백설탕), 간장(양조간장), 생수, 배, 실고추, 유채씨유(카놀라유), 튀김가루, 전분(감자전분), 떡볶이떡(비엔나떡볶이떡), 양파/껍질제거(깐것)",반찬
베이컨감자채볶음,"깨(참깨)/볶은것, 껍질제거(깐것), 유채씨유(카놀라유), 참기름/국산, 소금(꽃소금), 베이컨, 후추, 감자/껍질제거(깐것)",반찬
그린샐러드,멥쌀(백미),후식
총각김치,무(왜무),김치
꽃게오징어무국,기능성찹쌀(칼슘강화),국
닭다리오븐구이,"마늘/껍질제거(깐것), 꼭지제거",반찬
차조밥,기능성기장(칼슘강화),밥
새송이버섯볶음,차조,반찬
깻잎절임,간장(양조간장)/국산,반찬
치킨커틀렛,하이스가루,반찬
우유,우유,후식
북어포순두부찌개,김치(배추김치)/숙성시킨것,국
수수밥,멥쌀(백미)/친환경,밥
돼지고기숙주불고기,고추장,반찬
통곡물고구마맛탕,고구마/친환경,반찬
밀감푸딩,푸딩(밀감푸딩),후식
건새우마늘쫑볶음,파(대파)/친환경,반찬
흑미밥,찹쌀(백미)/친환경,밥
시금치된장국,들깨가루,국
포도,포도(캠벨얼리),후식
달걀찜,당근,반찬
근대된장국,된장(찌개된장),국
콩나물무침,"마늘/껍질제거(깐것), 꼭지제거",반찬
돼지고기김치볶음,"깨(참깨)/볶은것, 껍질제거(깐것)",반찬
현미밥,멥쌀(백미)/친환경,밥
반반핫도그,멥쌀(흑미),후식
두부강정,멥쌀(백미),반찬
오징어브로콜리초무침,기능성찹쌀(칼슘강화),반찬
무김치,"마늘/껍질제거(깐것), 꼭지제거",김치
병천순대국,기능성멥쌀(쌀눈),국
키위,키위/친환경,후식
콩나물밥,간장(양조간장)/국산,밥
돼지고기장조림,간장(양조간장)/국산,반찬
팽이버섯된장국,"마늘/껍질제거(깐것), 꼭지제거",국
오이치커리무침,물엿,반찬
홍국쌀밥,찹쌀(백미)/친환경,밥
찜닭,당근/국산,반찬
갈치카레구이,"갈치/구이용, 내장제거, 비가식부위제거, 절단된것",반찬
부대찌개,두부/친환경,국
사과치커리무침,유자청,반찬
도넛,도넛,후식
아욱된장국,된장(찌개된장),국
매실주스,얼음,후식
취나물볶음,취나물,반찬
닭꼬치구이,양념치킨소스,반찬
어묵볶음,파(대파)/껍질제거(깐것),반찬
핫도그,핫도그/냉동,후식
마파두부,전분(감자전분)/국산,반찬
배추된장국,된장(전통된장)/전통식품인증,국
숙주미나리무침,숙주나물/친환경,반찬
현미찹쌀밥,멥쌀(백미)/친환경,밥
슈팅스타뚱카롱,마카롱(피스타치오마카롱),후식
소라살채소무침,소라살,반찬
율무밥,찹쌀(백미)/친환경,밥
매운돼지갈비찜,당근/국산,반찬
두부양념구이,"마늘/껍질제거(깐것), 꼭지제거",반찬
달걀말이,유채씨유(카놀라유),반찬
돼지고기김치찌개,다시마(뿌리다시마)/말린것(건조),국
감자빵,옥수수빵,후식
사골만두국,"마늘/껍질제거(깐것), 꼭지제거",밥
도토리묵김치무침,간장(양조간장),반찬
가자미살튀김,레몬,반찬
햄김치볶음밥,햄(쵸핑햄)/친환경,밥
샤인머스캣,포도(골덴마스컷),후식
연두부달걀찜,당근/껍질제거(깐것),반찬
맑은된장국,두부/찌개용,국
병아리콩밥,멥쌀(백미),밥
고사리토장국,한우(사태)/국용,국
타코야끼,타코야끼소스,후식
황태미역국,들기름,국
기장밥,찹쌀(백미),밥
매운수제비국,당근,국
귀리밥,귀리/친환경,밥
백김치,김치(백김치),김치
크랜베리씨앗멸치볶음,간장(양조간장)/국산,반찬
브로콜리꽃맛살샐러드,발효유(호상요구르트)/플레인,후식
김치콩나물국,콩나물/국산,국
삼치레몬마요네즈구이,마요네즈(전란),반찬
오이김치,김치(오이김치),김치
탕평채,간장,반찬
고기떡말이조림,참기름,반찬
치킨마요네즈덮밥,양파/껍질제거(깐것),밥
우엉잡채,청주,반찬
소시지떡꼬치,떡꼬치떡,반찬
쥬시쿨,혼합과일음료,후식
잔치국수,달걀지단,밥
주먹밥,당근/친환경,반찬
돈까스,양파/껍질제거(깐것),반찬
쫄면야채무침,고추장,반찬
마늘빵,마늘빵,후식
크림스프,분말(크림수프분말),국
찰옥수수밥,멥쌀(백미),밥
귤,감귤(조생),후식
모듬어묵국,간장(재래간장),국
김치볶음밥,깨(참깨)/볶은것,밥
양배추샐러드,토마토케첩,후식
대패돼지고기고추장볶음,당근,반찬
버섯잡채,설탕(백설탕),반찬
버섯소불고기,당근,반찬
나박김치,김치(나박김치),김치
궁채나물,고추(붉은고추(홍고추)),반찬
독도사랑주스,에이드(레드자몽에이드),후식
닭살삼계탕,인삼(수삼)/세척한것,국
배추겉절이,김치(배추겉절이),김치
진미채도라지볶음,고추장,반찬
해물우동볶음,혼다랑어,반찬
차수수밥,멥쌀(현미),밥
어묵국,간장(재래간장),국
아욱수제비국,다시마/말린것(건조),국
월도프샐러드,마요네즈/친환경,후식
제육볶음,큰느타리버섯(새송이버섯)/소(小),반찬
옥수수치즈그랑탕,양파/껍질제거(깐것),반찬
뿌팟퐁카레,양배추/친환경,국
알감자버터구이,콩기름(대두유),반찬
쌀눈현미밥,기능성멥쌀(쌀눈),밥
분모자짜장찜닭,당근/친환경,반찬
찰보리밥,보리(찰보리)/친환경,밥
유기농나물밥,멥쌀(백미)/친환경,밥
김구이,김(구운김)/무염,반찬
달걀파국,다시마/말린것(건조),국
과일푸딩,푸딩(사과푸딩),후식
쭈꾸미야채비빔밥,고춧가루,밥
오이지무침,마늘,반찬
바베큐폭찹,피망(청피망),반찬
발아현미밥,찹쌀(백미),밥
연어데리야끼조림,분말(카레분말)/순한맛,반찬
갓김치,김치(갓김치),김치
연근채강정,매실청,반찬
도토리묵채국,김치(맛김치)/숙성시킨것,국
과일채소주스,혼합음료(사과당근채소음료),후식
콩가루배추국,된장,국
사과,설탕(백설탕),후식
느타리버섯시금치무침,참기름,반찬
열무무침,된장,반찬
유부된장국,파(대파),국
소시지페이스트리,치즈(노란체다치즈),후식
달걀야채볶음밥,콩기름(대두유),밥
우엉명엽채조림,우엉,반찬
시금치무침,깨(참깨)/볶은것,반찬
육개장,고사리/삶은것,국
치킨너겟,콩기름(대두유),반찬
나물비빔밥,청주,밥
교자만두찜,딤섬,반찬
짬뽕순두부,파(대파),국
돼지고기간장불고기,굴소스,반찬
김치볶음,간장(양조간장),반찬
카레소스,피망(청피망),국
요구르트,발효유(액상요구르트),후식
찹쌀밥,멥쌀(백미),밥
골뱅이야채무침,당근,반찬
레몬파닭,설탕(백설탕),반찬
스팸구이,돼지고기햄통조림/식품첨가물 미첨가,반찬
간장달걀밥,부추/국산,밥
열무김치,김치(열무김치),김치
호두멸치볶음,콩기름(대두유),반찬
카프리썬,혼합주스(오렌지망고주스),후식
두부조림,간장(양조간장),반찬
설렁탕,파(대파)/껍질제거(깐것),국
돼지고기메추리알장조림,설탕(흑설탕),반찬
참나물무침,파(실파),반찬
오리고추장불고기,간장(양조간장),반찬
식혜,식혜/친환경,후식
돼지고기바베큐구이,청주,반찬
우렁된장찌개,감자,국
콩나물파채무침,마늘/껍질제거(깐것),반찬
오징어떡볶음,떡볶이떡/국산,반찬
과일샐러드,바나나,후식
마라부대찌개,간장(재래간장),국
옥수수치즈마요네즈떡갈비,떡갈비,반찬
버섯된장국,호박(애호박),국
잡곡밥,멥쌀(백미),밥
햄에그까스,콩기름(대두유),반찬
김부각,부각(미역부각),반찬
사골우거지국,된장,국
치즈볼,치즈볼,후식
깻잎나물,간장(재래간장),반찬
치즈감자전스테이크,양파/일반,반찬
식물성유산균요구르트,발효유(액상요구르트),후식
순대국,간장(재래간장),국
알타리김치,김치(총각김치),김치
달고나와플,시럽(초코시럽),후식
참치김치찌개,두부/찌개용,국
삼색묵무침,영양강화제(채소칼슘),반찬
안동찜닭,당근/일반,반찬
배도라지,주스(배주스),후식
파김치,김치(포기김치),김치
만두전골,된장(양조된장(개량식)),국
건파래볶음,소금(꽃소금),반찬
티라미슈무스케이크,케이크(티라미수케이크),후식
치즈연어구이,간장(양조간장),반찬
닭곰탕,소금(굵은소금),국
사과오이초무침,설탕(백설탕),후식
애플고르곤졸라피자,피자(조각피자),후식
사과주스,주스(사과주스)/가당,후식
단무지무침,단무지(반달슬라이스단무지)/무색소,반찬
짜장면,마늘/일반,밥
포기김치,김치(파김치),김치
흰밥,멥쌀(백미),밥
메이플피칸,파이(미니메이플피칸),후식
다시마무국,소금(굵은소금),국
매운한돼지갈비찜,고추장,반찬
느타리버섯초무침,애느타리버섯/일반,반찬
불고기,파(대파)/채썬것(세절),반찬
매실장아찌무침,설탕(백설탕),반찬
강황밥,찹쌀(백미)/일반,밥
깻잎김치,김치(깻잎김치),김치
우동국,간장(재래간장),국
소프트햄버거,양상추/일반,후식
김주먹밥,단무지(꼬들단무지),반찬
자두쿨피스,두유(복숭아농축액두유),후식
건새우아욱된장국,파(대파)/일반,국
샤인머스캣청포도,포도(골덴마스컷),후식
순우리당면김말이구이,유채씨유(카놀라유),반찬
기름떡볶이,고추장,반찬
꼬치어묵국,어묵(사각어묵꼬치),국
꿀카롱오레오,마카롱(헤이즐넛마카롱),후식
닭살미역국,닭고기(성계)/껍질제거(깐것),국
오이부추무침,소금(꽃소금),반찬
표고버섯호박볶음,깨(참깨)/껍질제거(깐것),반찬
고구마치즈돈까스,설탕(백설탕),반찬
소시지케첩볶음,마늘/일반,반찬
나가사끼새알심만두국,청경채/일반,국
두부,마늘/일반,반찬
건새우조림,설탕(백설탕),반찬
순대야채볶음,간장(양조간장),반찬
공신젤리,젤리,후식
오리훈제구이,오리훈제/슬라이스,반찬
바지락된장찌개,팽이버섯/일반,국
리얼피치아이스티,생수,후식
소고기카레라이스,분말(카레분말)/순한맛,국
숙주게맛살무침,마늘/일반,반찬
치킨텐더또띠아,마요네즈(전란),후식
우엉채어묵조림,설탕(백설탕),반찬
바나나,멜론(머스크멜론),후식
김치두부국,두부/찌개용,국
갈릭갈비떡볶음,파(대파)/일반,반찬
더블치즈투움바스테이크,양파/일반,반찬
애플망고주스,혼합주스(망고파인애플주스),후식
연근유자청샐러드,유자청,후식
단풍케이크,케이크(통밀케이크),후식
삼치데리야끼구이,튀김가루,반찬
소고기미역국,한우(양지)/국산,국
콩나물국,파(대파)/일반,국
명품떡갈비,양송이버섯/일반,반찬
치코바치킨덮밥,굴소스/국산,밥
연두부달걀국,간장(재래간장),국
오오새우까스,콩기름(대두유),반찬
노란키위,키위(골드참다래),후식
순살닭갈비,당근,반찬
감자밥,감자/껍질제거(깐것),밥
두부미역된장국,팽이버섯,국
유니짜장밥,후추,밥
만두탕수,간장(양조간장),반찬
세종케이크,찜케이크(우리밀찜케이크),후식
버섯콩나물밥,참기름/국산,밥
오이게맛살무침,설탕(백설탕),반찬
불닭팽이버섯,불닭소스,반찬
콩나물김치국,김치(배추김치)/숙성시킨것,국
명엽채볶음,깨(참깨)/볶은것,반찬
할로윈초코칩녹차라떼,고구마,후식
할로윈오므라이스,콩기름(대두유),밥
짜장치킨,"생강/국산, 껍질제거(깐것)",반찬
치커리흑임자소스무침,설탕(백설탕),후식
감자메추리알조림,설탕(백설탕),반찬
고등어고추장양념구이,설탕(백설탕),반찬
순두부찌개,호박(애호박)/친환경,국
검정쌀밥,멥쌀(백미)/친환경,밥
김치,김치(배추김치),김치
열무된장국,다시마/말린것(건조),국
쁘링클치킨,콩기름(대두유),후식
멸치볶음,콩기름(대두유),반찬
시금치나물무침,간장(양조간장)/국산,반찬
통닭다리구이,소금(꽃소금),반찬
감자된장국,양파/친환경,국
도토리묵무침,마늘,반찬
배,배,후식
간장불고기덮밥,멥쌀(백미),밥
양배추쌈,간장(양조간장),반찬
비엔나소시지야채볶음,소시지(비엔나소시지),반찬
몬테크리스토샌드위치,양배추,후식
북어채달걀국,무(조선무)/친환경,국
온두부찜,두부(검은깨두부),반찬
곡밥,찹쌀(백미)/친환경,밥
팽이버섯부추무침,간장(양조간장),반찬
동초나물무침,간장(양조간장)/국산,반찬
돼지갈비구이,파(대파)/친환경,반찬
맑은콩나물국,다시마/말린것(건조),국
톳밥,깨(참깨)/볶은것,밥
멸치된장찌개,된장(전통된장)/전통식품인증,국
숙주오이무침,소금(꽃소금),반찬
골뱅이무침,양파/친환경,반찬
가지애호박라자냐,토마토(대추방울토마토),반찬
새우튀김우동,어묵(종합어묵),국
한샤인머스캣,포도(골덴마스컷),후식
콩고기주먹밥,멥쌀(백미)/친환경,밥
불고기마요네즈떡갈비,피망(청피망)/친환경,반찬
멜론,멜론(머스크멜론)/GP,후식
브로콜리무침,브로콜리/친환경,반찬
소고기낙지볶음,피망(청피망)/친환경,반찬
토마토파인애플샐러드,과즙음료(레몬),후식
단호박무침,소금(구운소금),반찬
조개살미역국,간장(재래간장)/친환경,국
삼색나물무침,소금(꽃소금),반찬
닭볶음탕,"마늘/껍질제거(깐것), 꼭지제거",국
오렌지,오렌지,후식
캠핑모듬구이,돼지고기(삼겹살),반찬
김치비빔국수,파(쪽파),국
돌산갓김치,김치(백김치),김치
탕수만두,콩기름(대두유),반찬
가을영양밥,팥(붉은팥),밥
청국장찌개,청국장,국
감자채피망볶음,참기름,반찬
코다리살강정,깨(참깨)/볶은것,반찬
반미샌드위치,당근/친환경,후식
삼치살구이,배/친환경,반찬
고로케,콩기름(대두유),반찬
망고샐러드,버터,후식
라임,음료/자두맛,후식
페이스트리치킨버거,드레싱(화이트드레싱),밥
꽁치김치조림,파(대파),반찬
양송이버섯크림스프,멸균유,국
밥,돌김자반,밥
웨지감자구이,설탕(백설탕),후식
야채볶음밥,참기름,밥
만두튀김,콩기름(대두유),반찬
요그릭,발효유(호상요구르트)/블루베리맛,후식
애플파이,파이(사과파이)/생지,후식
단호박두부카레라이스,하이스가루,국
소시지오므라이스,당근/친환경,밥
케이크,케이크(미니케이크),후식
파인애플,파인애플/비가식부위제거,후식
숭늉,멥쌀(백미),국
오이고추된장무침,된장(메주된장),반찬
순살감자탕,건고추,국
닭목살조림,무쌈,반찬
육원전,"동그랑땡/친환경, 불갈비맛",반찬
삼치엿장조림,콩기름(대두유),반찬
사과만주,만주(왕만주),후식
포크커틀렛,양송이버섯/친환경,반찬
연근조림,간장(양조간장),반찬
옥수수밥,멥쌀(백미)/친환경,밥
상추겉절이,파(대파),반찬
아이스호떡,아이스크림,후식
한반도돈까스,돈가스소스,반찬
가지나물,참기름,반찬
청포묵무침,깨(참깨)/볶은것,반찬
소고기된장찌개,다시마/말린것(건조),국
닭감자조림,간장(양조간장),반찬
탕수육,콩기름(대두유),반찬
소고기우거지국,콩나물/친환경,국
감,감(연시),후식
오이파프리카스틱쌈,참기름,반찬
통곡물멸치볶음,"멸치(작은멸치, 가이리)",반찬
유기농우유,우유,후식
대구살무국,무(조선무)/친환경,국
스팸김치볶음밥,토마토케첩,밥
청경채겉절이,간장(양조간장),반찬
뜨끈한유부우동,한우(설도)/불고기용,국
잠발라야닭다리오븐구이,"닭고기(다리, 북채)",반찬
칠리탕수육,돼지고기(등심),반찬
바질크림떡볶이,떡볶이떡/국산,반찬
밤고구마라떼,꿀,후식
달걀프라이,콩기름(대두유),반찬
통살오징어꼬치,튀김(오징어링)/국산,반찬
꽃게된장국,양파,국
무생채비빔밥,고추장,밥
쪽파김치,간장,김치
찹쌀주악,찹쌀약과,후식
견과류멸치볶음,콩기름(대두유),반찬
단감,감(단감),후식
돼지등뼈감자탕,고춧가루/국산,국
피망잡채,깨(참깨)/볶은것,반찬
단호박돼지갈비찜,간장(양조간장)/국산,반찬
애느타리버섯볶음,콩기름(대두유),반찬
마라탕,소스/매운맛,국
꿔바로우,사과,반찬
오렌지푸딩,푸딩(오렌지푸딩),후식
녹차밥,찹쌀(녹미)/친환경,밥
고구마돼지갈비찜,배,반찬
궁채들깨나물,"깨(들깨)/볶은것, 간것(가루, 분말)",반찬
삼치매실유자청구이,데리야끼소스,반찬
야채달걀말이,달걀(전란),반찬
돼지불고기,양파/친환경,반찬
콩나물맑은국,다시마/말린것(건조),국
쵸코설기,시루떡(초코설기),후식
훈제오리야채볶음,간장(양조간장)/국산,반찬
미소된장국,유부,국
로제찜닭,고추장,반찬
실곤약채소무침,"마늘/껍질제거(깐것), 꼭지제거",후식
떡갈비김치킨덮밥버거,멥쌀(백미),밥
아이스황도,탄산음료(사이다),후식
양념닭꼬치튀김,무쌈/절단된것,반찬
토마토스파게티,돼지고기햄(등심),밥
마늘바게트,크림(휘핑크림),후식
쌀밥,멥쌀(백미)/친환경,밥
꼬치어묵우동,당근/친환경,국
두부스틱샐러드,마요네즈(전란),후식
도라지오징어포무침,깨(참깨)/볶은것,반찬
떠먹는요거트,발효유(호상요구르트)/딸기맛,후식
김치덮밥,참기름,밥
파인애플불고기피자,치즈(모짜렐라치즈),후식
레드키위,키위(레드키위)/일반,후식
유부우동국,간장(재래간장)/친환경,국
초코도넛,도넛(카카오구운도넛),후식
견과류볶음,참기름,반찬
등뼈짬뽕국,청경채,국
족발덮밥,고춧가루/김치제조용,밥
해쉬브라운피자,피자도우,후식
샤인머스캣포도,포도(골덴마스컷),후식
열무된장무침,된장,반찬
연근치커리샐러드,치커리,후식
감귤,감귤(조생),후식
돼지갈비탕,달걀(전란),국
가자미구이,콩기름(대두유),반찬
큐브치즈샐러드,올리브유,후식
들깨수제비국,호박(애호박)/친환경,국
연어구이,식초(사과식초),반찬
김치녹두빈대떡,당근,후식
부추무침,부추,반찬
시나몬롤파이,파이,후식
오리고기마늘볶음,오리고기/슬라이스,반찬
고등어무조림,마늘,반찬
볼어묵볶음,콩기름(대두유),반찬
와플,시럽(초코시럽),후식
생깻잎장아찌,참기름,반찬
톳배무침,된장(전통된장)/전통식품인증,반찬
어묵우동국,튀김(어묵튀김),후식
돼지고기콩나물볶음,콩나물,반찬
씨앗찰호떡,콩기름(대두유),후식
브로콜리초고추장,식초(사과식초),후식
새우탕,고추장/전통식품인증,국
육전,고추(붉은고추(홍고추)),반찬
치스스틱,치즈(카테지치즈),반찬
양파채절이,깨(참깨),반찬
소불고기우동,쑥갓,국
짬뽕만두찜,만두(김치왕만두),반찬
찰밥,보리(쌀보리),밥
블루레몬에이드,에이드(핑크레몬에이드),후식
망고그린샐러드,양상추/친환경,후식
갈릭브레드,마늘빵/반조리,후식
돼지고기두루치기,물엿,반찬
콩조림,깨(참깨)/볶은것,반찬
팔미에파이,파이(사과파이),후식
홍시,감(연시),후식
순살프라이드치킨,사과,반찬
도토리묵야채무침,물엿,후식
통닭튀김,프라이드치킨,반찬
갈치소금구이,소금(꽃소금),반찬
도시락비빔밥,멥쌀(백미),밥
북어콩나물국,디포리,국
도라지나물,당근/국산,반찬
오이,설탕(백설탕),후식
임연수살카레구이,콩기름(대두유),반찬
돼지고기몸국,후추,국
생선커틀렛,마요네즈(유정란),반찬
고등어구이,콩기름(대두유),반찬
비빔냉면,고추장(냉면장),밥
무화과리코타치즈샐러드,깨(참깨),후식
오징어김치전,밀가루력분/국산,반찬
족발,맛술,반찬
팽이유부된장국,팽이버섯/친환경,국
무말랭이무침,설탕(백설탕),반찬
소고기콩나물밥,깨(참깨)/볶은것,밥
소불고기주먹밥,김밥(쇠고기김밥),밥
멸치국수,소금(구운소금),국
오이피클,피클(모둠채소피클),반찬
육쪽마늘빵,마늘빵스틱,후식
치커리유자청무침,올리브유,후식
크림소스스파게티,소금(꽃소금),밥
시금치나물,마늘,반찬
곤드레밥,곤달비,밥
베이컨프렌치토스트,버터,후식
매실차,차(매실차),후식
공룡치킨까스,콩기름(대두유),반찬
상추,참기름,반찬
소고기버섯불고기,배/일반,반찬
도라지오이생채,고추장/전통식품인증,반찬
애호박빵가루전,호박(애호박)/친환경,반찬
오리불고기,당근/친환경,반찬
미역줄기볶음,미역줄기,반찬
사과바나나단감샐러드,설탕(백설탕),후식
소다아이스크림,아이스크림(하드),후식
베이컨말이주먹밥,돼지고기(삼겹살),반찬
고등어김치조림,고춧가루,반찬
방울토마토보코치니샐러드,치즈(구슬모양치즈),후식
고소한콘치킨,토마토케첩,후식
돈코츠라멘,라면/냉동,밥
감자조림,깨(참깨)/볶은것,반찬
닭고기투움바파스타,스파게티소스(크림소스),밥
불고기양상추샐러드,식초(사과식초),후식
샤인머스캣푸딩,푸딩(오렌지푸딩),후식
돈까스김치덮밥,꿀(아카시아꿀),밥
피자치즈볼,도넛(케이크도넛),후식
베이컨새송이버섯볶음,참기름,반찬
치커리흑임자샐러드,당근,후식
목살스테이크,"마늘/껍질제거(깐것), 꼭지제거",반찬
사골순대국,파(대파),국
쑥갓나물,소금(꽃소금),반찬
돼지고기고구마강정,마늘,반찬
거봉,포도(거봉),후식
훈민정음빵,팬케이크가루(핫케이크가루),후식
전어소금구이,전어/생것,반찬
닭다리칼국수,호박(애호박),국
버섯달걀장조림,간장(양조간장),반찬
부추잡채,콩기름(대두유),반찬
소고기볶음,물엿,반찬
들기름막국수,가쓰오메밀장국,반찬
가쓰오장국,가쓰오부시 과립,국
돼지고기족발,물엿(황물엿),반찬
무쌈,무쌈(레몬),반찬
쪽파무침,고춧가루,반찬
잘찍어떡갈비,스테이크(햄버그스테이크)/떡갈비맛,반찬
로제치즈분모자볶이,떡볶이떡(구멍떡볶이떡),반찬
베이컨달걀스크램블,베이컨/국산,반찬
소고기무국,간장(재래간장)/친환경,국
삼치살감자조림,삼치살,반찬
닭살칠리소스볶음,간장(양조간장)/국산,반찬
감자호박된장국,된장(전통된장)/전통식품인증,국
야채참깨드레싱샐러드,드레싱(참깨흑임자드레싱),후식
소고기해장국,"배추(얼갈이, 단배추)/친환경",국
가지나물볶음,간장(양조간장),반찬
모듬잡채,깨(참깨)/볶은것,반찬
오징어오이쌈,양파/친환경,반찬
순대곱창볶음,소금(꽃소금),반찬
취나물무침,참기름,반찬
누룽지,누룽지,반찬
달걀장조림,간장(왜간장),반찬
닭날개데리야끼조림,간장(양조간장),반찬
카레라이스,콩기름(대두유),국
군만두,콩기름(대두유),반찬
돼지고기스테이크덮밥,멥쌀(백미)/친환경,밥
블루베리크림치즈베이글,치즈(크림치즈),후식
미역된장국,두부/친환경,국
비빔밥,간장(양조간장),밥
쿠키,쿠키,후식
건새우얼갈이된장국,다시마/말린것(건조),국
찹쌀약과,약과,후식
찰흑미밥,찹쌀(백미)/친환경,밥
삼색나물,"도라지/껍질제거(깐것), 실채",반찬
송편,송편(깨송편),후식
유과,유과,후식
건새우고추장볶음,간장(양조간장),반찬
맥적구이,간장/장아찌용,반찬
숙주미나리들깨무침,간장(재래간장),반찬
비엔나소시지채소볶음,참기름,반찬
타래만두구이,현미유,반찬
오징어볶음,콩기름(대두유),반찬
애호박새우젓갈볶음,콩기름(대두유),반찬
삼치데리야끼소스구이,콩기름(대두유),반찬
콩나물겨자무침,"깨(참깨)/볶은것, 껍질제거(깐것)",반찬
대패삼겹살구이,유채씨유(카놀라유),반찬
홍합살미역국,간장(재래간장),국
아이스슈,아이스슈,후식
스팸스크램블덮밥,멥쌀(백미)/친환경,밥
연근무화과조림,연근/친환경,반찬
크림치즈약과샌드,치즈(크림치즈),후식
유기농식혜,식혜/친환경,후식
열무보리비빔밥,고추장,밥
멸치건새우볶음,깨(참깨)/볶은것,반찬
소고기토란국,간장(재래간장),국
잡채,양파/껍질제거(깐것),반찬
돼지갈비찜,돼지고기(사태)/조림용,반찬
연두부달걀샐러드,토마토(방울토마토(체리토마토))/친환경,후식
뿌링클순살치킨,시즈닝/양파맛,반찬
유부잡채,간장(재래간장)/친환경,반찬
어묵무국,어묵,국
오이양파생채,양파/친환경,반찬
브로콜리/초장,설탕(백설탕),후식
참치김치볶음,깨(참깨)/볶은것,반찬
콩나물당근무침,당근/친환경,반찬
애호박전,고추(붉은고추(홍고추))/친환경,반찬
대구살미역국,간장(재래간장)/친환경,국
골드키위,키위(골드키위),후식
맵구마돈까스,후추,반찬
딸기우유,우유(딸기우유),후식
토마토,올리브유,후식
감자채볶음,당근,반찬
코다리살양념구이,파(실파)/껍질제거(깐것),반찬
청포도,포도(청포도),후식
햄모듬찌개,고추장,국
영양밥,간장(재래간장)/친환경,밥
머핀,머핀(초코머핀)/반죽,후식
숙주미나리당근무침,소금(꽃소금),반찬
새송이버섯고추장양념구이,파(쪽파)/친환경,반찬
참치마요네즈덮밥,소금(꽃소금),밥
매운콩나물국,파(대파)/껍질제거(깐것),국
떡강정,설탕(백설탕),반찬
그린키위,키위,후식
무비트피클,소금(꽃소금),반찬
감말랭이야채샐러드,설탕(백설탕),후식
로제스파게티,버터,밥
햄치즈크로플,달걀,후식
온메밀국수,메밀국수,국
채소피클,피클(모둠채소피클),반찬
왕새우튀김,유채씨유(카놀라유),반찬
브로콜리,식초(사과식초),후식
닭개장,메밀가루/국산,국
무항생제소시지야채볶음,콩기름(대두유),반찬
청포묵샐러드,참기름,후식
오징어포볶음,설탕(백설탕),반찬
김말이강정,간장(양조간장),반찬
키위푸딩,푸딩(키위푸딩),후식
레몬에이드,레몬,후식
감귤주스,주스(감귤주스),후식
양파장아찌,간장(재래간장)/친환경,반찬
소고기야채죽,표고버섯/말린것(건조),밥
파프리카,된장/친환경,후식
꿀호떡버거,잼(딸기잼),후식
새알심만두국,소금(꽃소금),국
오이배무침,오이(청오이),반찬
가자미빵가루튀김,청주,반찬
닭다리살데리야끼구이,사과/GP,반찬
어묵야채볶음,어묵(구멍어묵),반찬
대파겉절이,간장(양조간장),반찬
북어포들깨국,소금(꽃소금),국
깻잎무쌈,마요네즈(전란)/소포장,반찬
두부새우젓갈국,파(대파)/껍질제거(깐것),국
참나물파절이,매실농축액,반찬
편육,양파/껍질제거(깐것),반찬
보쌈김치,김치(보쌈김치),김치
김자반,파래자반,반찬
추로스,콩기름(대두유),후식
도토리묵치커리무침,참기름,후식
복숭아맛호상요구르트,발효유(호상요구르트)/복숭아맛,후식
삼색소보로덮밥,파(쪽파)/친환경,밥
마시는요구르트,발효유(액상요구르트)/사과맛,후식
카프레제샐러드,토마토(완숙토마토),후식
속이꽉찬만두국,다시마/말린것(건조),국
돈등심바베큐소스폭찹,양파/친환경,반찬
미역오이참깨샐러드,토마토(방울토마토(체리토마토))/친환경,후식
뱅어포볶음,파(쪽파)/친환경,반찬
조랭이떡국,다시마(뿌리다시마)/말린것(건조),국
콘마요네즈달걀찜,소금(꽃소금),반찬
도라지유자냉채,배/국산,후식
대추방울토마토,토마토(대추방울토마토),후식
멸치아몬드슬라이스볶음,아몬드/슬라이스,반찬
함박스테이크,배,반찬
어묵김치국,김치(배추김치),국
꽃게탕,두부/친환경,국
한라봉주스,주스(한라봉주스),후식
회오리감자,시즈닝/양파맛,후식
유채나물무침,소금(꽃소금),후식
샤인머스캣방울토마토,파슬리/말린것(건조),후식
실곤약야채무침,간장(재래간장)/친환경,후식
묵은지찜닭,파(대파)/껍질제거(깐것),반찬
어묵채소볶음,간장(양조간장),반찬
숙주나물무침,참기름/국산,반찬
포도주스,주스(포도주스),후식
북어국,간장(재래간장),국
메밀전병,양파/친환경,후식
단호박생크림샐러드,크림(생크림)/완제품,후식
순살닭고기야채조림,맛술,반찬
동그랑땡전,동그랑땡(고기동그랑땡),반찬
삼치무조림,청주,반찬
두부야채샌드,두부/친환경,후식
쌀국수,소금(꽃소금),국
튀김새우,과즙음료(레몬),반찬
양상추샐러드,양파/껍질제거(깐것),후식
딸기요거트드레싱,드레싱(딸기요거트드레싱),후식
돈까스덮밥,가쓰오우동장국,밥
오코노미야끼,파(실파)/껍질제거(깐것),후식
갈비탕,간장(재래간장)/친환경,국
옥수수매생이전,매생이,반찬
콩나물냉채,배/국산,반찬
떡볶이치즈그라탕,양배추/친환경,반찬
삼색푸실리후르츠샐러드,토마토(방울토마토(체리토마토))/친환경,후식
양배추,참기름,반찬
한치돼지고기볶음,파(대파)/친환경,반찬
감자베이컨볶음,콩기름(대두유),반찬
짜장밥,양파/껍질제거(깐것),밥
청경채무침,청경채,반찬
복숭아,복숭아(천도),후식
블루베리셰이크,파(대파)/껍질제거(깐것),후식
오이장아찌무침,멥쌀(현미)/친환경,반찬
교자만두,"마늘/껍질제거(깐것), 꼭지제거",반찬
소고기떡국,멥쌀(백미)/친환경,국
양념감자튀김,양파/껍질제거(깐것),반찬
투움바스파게티,당근,밥
바비큐폭립,양송이버섯,반찬
파닭,"마늘/껍질제거(깐것), 꼭지제거",반찬
곤드레나물밥,설탕(백설탕),밥
인절미꿀피자,치즈(모짜렐라치즈),후식
동태찌개,멥쌀(백미)/친환경,국
미트볼그라탕,멥쌀(현미)/친환경,반찬
쫄면채소무침,당근,반찬
오향장육,설탕(흑설탕),반찬
떠먹는유부초밥,멥쌀(백미)/친환경,밥
김말이튀김,깨(검정깨(흑임자))/볶은것,반찬
로제떡볶이,호박(애호박),반찬
오징어브로콜리초장,멥쌀(현미)/친환경,후식
시금치팽이버섯무침,참기름/국산,반찬
날치알밥,멥쌀(백미)/친환경,밥
냉메밀국수,당근,국
김가루밥,멥쌀(백미)/친환경,밥
단무지,참기름/국산,반찬
김치말이냉국수,파래자반,국
닭꼬치,양파/껍질제거(깐것),후식
아오리사과,깻잎,후식
미숫가루냉차,우유/대(大),후식
맛살콩나물냉채,설탕(백설탕),후식
얼갈이된장국,파(대파)/껍질제거(깐것),국
우유빙수,우유(딸기우유),후식
과일요거트,발효유(호상요구르트)/플레인,후식
순두부백탕,간장(재래간장),국
치즈불닭구이,설탕(백설탕),반찬
연포탕,양파/껍질제거(깐것),국
참치야채볶음,단무지,반찬
게살달걀죽,소금(꽃소금),밥
치킨버거,유채씨유(카놀라유),밥
달걀실파국,간장(재래간장),국
열무김치비빔밥,사과,밥
브라우니,분말(설탕분말),후식
오이생채,고추장/전통식품인증,후식
치즈닭갈비볶음,고춧가루/국산,반찬
레몬크림새우,레몬,반찬
해물짜장밥,감자/껍질제거(깐것),밥
야채스프,버터,국
칼라방울토마토,토마토(노란대추방울토마토)/친환경,후식
비름나물무침,비름나물,반찬
일본식달걀찜,달걀,반찬
알감자고추장조림,소금(꽃소금),반찬
부추사과무침,사과/일반,반찬
오징어국,고추장,국
콩줄기나물,파(실파)/껍질제거(깐것),반찬
참외,참외,후식
가자미살파채튀김,설탕(백설탕),반찬
연어데리소스구이,간장(양조간장)/국산,반찬
콩나물느타리버섯볶음,참기름,반찬
감자옹심이국,새우(꽃새우)/말린것(건조),국
닭살김치튀김,튀김가루,반찬
달걀국,간장(재래간장),국
옥수수통조림치즈구이,소금(꽃소금),반찬
소불고기비빔밥,고추장,밥
딸기떡,딸기아이스찹쌀떡,후식
소고기수삼갈비탕,당면(자른당면),국
해물완자전,파슬리/말린것(건조),반찬
삼색조랭이떡국,파(대파)/껍질제거(깐것),국
샤인머스캣코코푸딩,푸딩(포도푸딩),후식
치킨또띠아,허니머스터드소스/소포장,후식
빈달루카레밥,"닭고기(가슴살, 안심살)/깍둑썰기",밥
황태두부국,간장(재래간장),국
마라탕수육,양파/껍질제거(깐것),반찬
감자샐러드,마요네즈(유정란),반찬
바나나우유,우유(바나나우유),후식
아몬드멸치볶음,설탕(백설탕),반찬
햄구이,돼지고기햄통조림,반찬
납작부침만두,만두(납작만두),반찬
이면수구이,후추(검은색),반찬
등뼈감자탕,고추장/전통식품인증,국
찹쌀김부각,부각(쑥부각),반찬
아이스크림,아이스크림(레인보우아이스크림),후식
영양닭죽,참기름,밥
고기산적부침,밀가루/국산,반찬
미역줄기게맛살볶음,간장(재래간장),반찬
치킨찹스테이크,간장(양조간장)/국산,반찬
콩나물잡채,후추(검은색),반찬
들깨미역국,젓(멸치액젓),국
참나물생채,고추장,반찬
샤인머스캣주스,젤리음료/포도맛,후식
뚱카롱딸기,마카롱(초콜릿마카롱),후식
당면불고기덮밥,"돼지고기(앞다리, 전지)",밥
두부된장국,두부,국
김밥볶음밥,단무지,밥
흑당버블티라떼,전분(감자전분(칼슘강화)),후식
애슐리단호박샐러드,크림(생크림),반찬
광휘별미떡볶이,설탕(백설탕)/대(大),반찬
버터갈릭감자튀김,파슬리/말린것(건조),후식
츄러스,설탕(백설탕)/대(大),후식
구운가지호박무침,"마늘/껍질제거(깐것), 꼭지제거",반찬
돈코츠라면,라면/냉동,밥
멸치주먹밥,단무지/김밥용,반찬
생크림크로플,블루베리,후식
쑥갓두부무침,"마늘/껍질제거(깐것), 꼭지제거",반찬
달걀샌드위치,"마늘/껍질제거(깐것), 꼭지제거",후식
과일젤리푸딩,과채주스(귤농축과즙),후식
명엽채조림,설탕(백설탕),반찬
감자전,유채씨유(카놀라유),반찬
멘치까스,차조,반찬
도토리묵냉국,멥쌀(백미)/친환경,국
자두,무(조선무)/세척한것,후식
오미자수박화채,김치(배추김치)/숙성시킨것,국
오이도라지무침,설탕(백설탕),반찬
참치김치킨덮밥버거,멥쌀(백미)/친환경,밥
장어살강정,참기름/국산,반찬
델리만주,애느타리버섯,후식
감자수제비국,멥쌀(백미)/친환경,국
고구마닭갈비,찹쌀(현미)/친환경,반찬
치커리사과무침,멥쌀(현미)/친환경,반찬
일본식카레,멥쌀(백미)/친환경,국
토마토샐러드,양파/껍질제거(깐것),후식
치킨또띠아쌈,멥쌀(현미)/친환경,후식
멜론빙수,"마늘/껍질제거(깐것), 꼭지제거",후식
돼지고기볶음,간장(양조간장)/국산,반찬
순한마라상궈,해바라기유,반찬
무장아찌무침,오복채,반찬
오븐순살대구까스,해바라기유,반찬
훈제오리,오리훈제/슬라이스,반찬
부추샐러드,양파/껍질제거(깐것),후식
단호박나물밥,후리카케/채소맛,밥
블루베리,블루베리,후식
떡볶음,양배추/친환경,반찬
오리훈제무쌈말이,무쌈(블루베리무쌈),반찬
블루베리슈,슈(딸기슈),후식
오이사과무침,참기름,후식
사골배춧국,"마늘/껍질제거(깐것), 꼭지제거",국
알감자조림,간장(양조간장),반찬
삼치매실청구이,레몬,반찬
닭칼국수,"마늘/껍질제거(깐것), 꼭지제거",국
북어채미역국,간장(재래간장),국
김가루소고기주먹밥,단무지(반달슬라이스단무지),밥
떡볶이,튀김(채소튀김),반찬
웃담사과요거트,발효유(호상요구르트)/사과맛,후식
모듬야채피클,피클(모둠채소피클),반찬
포테이토치즈스틱,해바라기유,후식
매운떡볶이,고춧가루,반찬
옹심이국,"멸치(큰멸치, 대멸)",국
꼬시래기무침,고추장(전통고추장),반찬
짜장불고기,"마늘/껍질제거(깐것), 꼭지제거",반찬
매운아귀탕,당근/국산,국
요거트,시리얼(곡물(귀리)시리얼),후식
북어포콩나물국,북어채,국
톳두부된장무침,고추장/전통식품인증,반찬
미트볼단호박조림,당근/국산,반찬
두부버섯전골,파(대파)/친환경,국
샤인방울토마토,토마토(대추방울토마토),후식
닭다리삼계탕,"멸치(큰멸치, 대멸)",국
아이스망고,아이스망고,후식
돼지감자탕,기능성멥쌀(쌀눈),국
닭다리살스테이크,멥쌀(백미),반찬
해파리냉채,기능성찹쌀(칼슘강화),반찬
유산균음료,"마늘/껍질제거(깐것), 꼭지제거",후식
치즈햄버거스테이크,버터,반찬
찐옥수수,옥수수(찰옥수수),후식
피자치즈함박스테이크,파슬리/말린것(건조),반찬
해물된장찌개,두부/친환경,국
청포도주스,주스(청포도주스),후식
햄버거,양상추,밥
흰우유,우유/소(小),후식
시리얼,시리얼(곡물(귀리)시리얼),후식
미숫가루,토마토,후식
감자튀김,후리카케,후식
수리취떡,떡(쑥절편),후식
코다리조림,설탕(황설탕),반찬
조랑이떡미역국,간장(어간장)/친환경,국
참나물전,해바라기유,반찬
바베큐보쌈,스테이크소스,반찬
초코수리취떡,떡(수리취떡),후식
명이나물무침,명이나물절임(산마늘절임),반찬
수리취꿀떡,떡(꿀떡),후식
닭다리살구이,"마늘/껍질제거(깐것), 꼭지제거",반찬
개별김,김(도시락김(8절6매)),반찬
후룻밀크바나나,고추(붉은고추(홍고추)),후식
쭈꾸미돼지불고기,"마늘/껍질제거(깐것), 꼭지제거",반찬
참나물샐러드,멥쌀(백미),후식
몽글이순두부백탕,기능성찹쌀(칼슘강화),국
녹차카테킨쌀밥,기능성멥쌀(녹차),밥
두부파된장국,두부/친환경,국
초코칩쿠키,쿠키(우리밀땅콩초코쿠키),후식
자색고구마밥,다시마/말린것(건조),밥
야채비빔만두,고추장,반찬
채식커틀렛,당근/국산,반찬
니모어묵우동,"마늘/껍질제거(깐것), 꼭지제거",국
초밥모양도넛,도넛(쌀케이크도넛),후식
메추리알곤약조림,설탕(흑설탕),반찬
수리취찹쌀떡,"마늘/껍질제거(깐것), 꼭지제거",후식
제철과일,모둠새싹/친환경,후식
떡갈비채소비빔밥,기능성멥쌀(쌀눈),밥
고구마맛탕,보리(쌀보리),반찬
새송이버섯숙주무침,숙주나물/친환경,반찬
블루베리과일샐러드,바나나,후식
닭갈비,고춧가루/친환경,반찬
얼갈이배추된장국,다시마/말린것(건조),국
쌀국수골뱅이무침,간장/장아찌용,반찬
갈비오븐구이,간장(양조간장),반찬
혼합곡밥,멥쌀(백미),밥
건새우아욱국,고추장/전통식품인증,국
코다리살조림,간장/장아찌용,반찬
채소달걀말이,달걀,반찬
체리,체리,후식
강황쌀밥,"기능성멥쌀(강황,울금)",밥
북어채콩나물국,간장(재래간장),국
오이크래미무침,"깨(참깨)/볶은것,껍질제거(깐것)",반찬
배추김치,김치(배추김치),김치
추가밥,멥쌀(백미)/친환경,밥
토마토스파게티,"마늘/껍질제거(깐것),꼭지제거",밥
우리쌀치즈스틱,치즈스틱,후식
당1/2야쿠르트,발효유(드링크요구르트),후식
생오이피클,피클(오이피클),반찬
쇠고기무국,간장(재래간장),국
뼈없는닭갈비,간장(양조간장)/국산,반찬
우엉채강정,간장(양조간장)/국산,반찬
멜론,멜론(머스크멜론),후식
오무라이스,감자,밥
미소국,된장(일본된장),국
갈릭치즈스틱,치즈스틱,후식
하우스감귤,감귤(밀감)/친환경,후식
쇠고기무국,"마늘/껍질제거(깐것),꼭지제거",국
솎음열무나물,고추(풋고추(청고추)),반찬
소떡소떡볶음,깐풍기소스,후식
미더덕시금치국,간장(재래간장)/친환경,국
대합살미역국,간장(재래간장),국
숙주나물,깨(참깨)/볶은것,반찬
닭볶음,고구마스틱,반찬
김가루볶음밥,간장(양조간장)/친환경,밥
팽이버섯달걀국,다시마/말린것(건조),국
못난이오이무침,고추장/친환경,반찬
고구마크로켓,크로켓(고구마크로켓),후식
옥수수수프,버터,국
비름나물,고추장,반찬
소세지케첩볶음,고추장,반찬
치킨카레라이스,감자/껍질제거(깐것),국
우리밀핫도그/케첩,토마토케첩/친환경,후식
불고기덮밥,굴소스/국산,밥
수수찰호떡,해바라기유,후식
적포도,포도(레드글로브)/일반,후식
수삼갈비탕,다시마/말린것(건조),국
자장밥,돼지고기(등심)/깍둑썰기,밥
반달납작지짐만두,만두(납작만두),반찬
파인애플볶음밥,달걀,밥
돼지고추장구이,간장(양조간장)/친환경,반찬
미트볼스파게티,"마늘/껍질제거(깐것),꼭지제거",밥
마늘토스트(반제),마늘토스트/생지,후식
참다래쥬스,주스(키위주스),후식
임연수살튀김,"마늘/껍질제거(깐것),꼭지제거",반찬
김당과,과자(튀김쌀과자),후식
근대국,근대,국
수제떡갈비,떡갈비/반죽,반찬
실오징어채볶음,깨(검정깨(흑임자))/볶은것,반찬
떡국,김(구운김)/조미한것,국
닭강정,건고추/일반,반찬
감자고추장찌개,감자,국
두부엿장조림,깨(검정깨(흑임자))/국산,반찬
들기름김치볶음,김치(배추김치),반찬
누룽지닭죽,감자,밥
칼조네고르곤졸라,군만두(피자군만두),후식
유기농사과즙,주스(사과주스)/무가당,후식
아욱국,다시마/말린것(건조),국
닭봉고구마조림,"고구마/껍질제거(깐것),채썬것(세절)",반찬
바지락부추국,고추(붉은고추(홍고추))/친환경,국
햄전,달걀(전란),반찬
허니버터아몬드,허니버터아몬드,후식
에그타르트,에그타르트/생지,후식
호박잎된장국,고추(붉은고추(홍고추)),국
오삼불고기,고추(풋고추(청고추)),반찬
국수장국,다시마/말린것(건조),국
신김치무침,김치(배추김치)/숙성시킨것,김치
새우튀김,튀김(왕새우튀김),반찬
큐브치즈,치즈(크림치즈),후식
햄김치찌개,고춧가루/친환경,국
노각무침,고춧가루,반찬
달걀송이치즈볶음,달걀(기능성),반찬
마파두부덮밥,건고추,밥
딸기쥬스,주스(딸기주스)/친환경,후식
날치알볶음밥,김가루,밥
숯불닭다리살구이,닭고기(넓적다리살)/껍질제거(깐것),반찬
치즈떡볶이,고추장,반찬
당면김말이,튀김(김말이튀김),후식
친환경백색단무지,단무지,반찬
요거트젤라또,아이스크림(소프트아이스크림),후식
유부장국,다시마/말린것(건조),국
고구마치즈롤튀김,고구마치즈스틱,반찬
도토리묵국,"김가루/친환경,무염",국
바베큐립구이,돼지고기(등갈비)/친환경,반찬
닭카레소스조림,감자/껍질제거(깐것),반찬
석박지,김치(깍두기),김치
수박화채,멜론(머스크멜론)/친환경,국
자장면,간장(양조간장)/친환경,밥
깐쇼새우,깐쇼새우,반찬
10곡미숫가루,미숫가루,후식
부추보리비빔밥,"김가루/일반,무염",밥
강된장,"고추(풋고추(청고추,재래종))",국
고기산적조림,"깨(참깨)/볶은것,껍질제거(깐것)",반찬
플레인요거트,발효유(호상요구르트)/무가당,후식
열무물김치,김치(열무김치),김치
매운가지볶음,가지,반찬
포도송이푸딩,푸딩(파인애플푸딩),후식
새우볶음밥,다시마/말린것(건조),밥
딸기바나나라떼,딸기/냉동,후식
잡채밥/자장소스,간장(재래간장)/친환경,밥
게맛살달걀탕,다시마/말린것(건조),국
미역냉국,다시마/말린것(건조),국
짭잘이토마토,토마토(짭짤이토마토)친환경,후식
체리,체리/일반,후식
감자탕,감자,국
연어데리야끼구이,데리야끼소스,반찬
소세지구이,드레싱(머스터드드레싱),반찬
물방울츄러스,추로스(고구마추로스),후식
크림스파게티,고추(청양고추)/친환경,밥
탄두리닭살구이,닭고기(넓적다리살),반찬
사과당근쥬스,주스(당근주스),후식
검정콩밥,멥쌀(백미)/친환경,밥
근대무침,고추장,반찬
북어미역국,다시마/말린것(건조),국
돼지갈비묵은지찜,고추(붉은고추(홍고추)),반찬
숙주쑥갓무침,"마늘/껍질제거(깐것),꼭지제거",반찬
김치우동,가쓰오우동소스,국
수제안심돈까스/소스,달걀(전란),반찬
깻잎찜,고추(붉은고추(홍고추)),반찬
고사리/도라지나물,고사리/삶은것,반찬
거봉포도,포도(거봉)/친환경,후식
콩나물무침,"마늘/껍질제거(깐것),꼭지제거",반찬
쇠불고기,간장(양조간장)/친환경,반찬
통밀차조밥,멥쌀(백미)/친환경,밥
두부양념장조림,고추(붉은고추(홍고추)),반찬
시금치들기름무침,깨(참깨)/볶은것,반찬
전복미역국,"마늘/껍질제거(깐것),꼭지제거",국
스웨디쉬미트볼조림,데미글라스소스,반찬
불고기낙지전골,"고추(풋고추(청고추,재래종))",국
들기름달걀찜,달걀,반찬
건파래무침,파(쪽파),반찬
우리쌀식혜,식혜(전통식혜),후식
완자탕,"마늘/껍질제거(깐것),꼭지제거",국
미나리초고추장무침,미나리/친환경,반찬
된장찌개,감자,국
고구마순볶음,고구마줄기,반찬
호박나물,들기름,반찬
뱅어포구이,"마늘/껍질제거(깐것),꼭지제거",반찬
들깨순댓국,"고추(풋고추(청고추,재래종))",국
얼갈이된장무침,깨(참깨)/볶은것,반찬
가자미살커틀릿,가자미,반찬
돼지고기수육,돼지고기(목살),반찬
부추참깨소스무침,간장(재래간장),반찬
고구마튀김,"고구마/껍질제거(깐것),슬라이스",반찬
북어무채국,고추(붉은고추(홍고추)),국
훈제오리채소볶음,깨(참깨)/볶은것,반찬
쇠고기미역국,"마늘/껍질제거(깐것),꼭지제거",국
단호박크림수프,감자,국
김치메밀묵무침,김치(배추김치),반찬
버섯맛살전,게맛살(영양강화),반찬
캠벨포도,포도(캠벨얼리)/친환경,후식
연근쇠갈비찜,"마늘/껍질제거(깐것),꼭지제거",반찬
오징어초무침,"마늘/껍질제거(깐것),꼭지제거",반찬
깨순나물,깻잎나물(깨나물),반찬
파프리카미역줄기볶음,"마늘/껍질제거(깐것),꼭지제거",반찬
미니애플파이,파이(사과파이),후식
유기농요구르트,발효유(액상요구르트)/친환경,후식
삼색청포묵무침,"마늘/껍질제거(깐것),꼭지제거",반찬
쇠고기우거지국,간장(재래간장),국
명란달걀말이,달걀(기능성),반찬
청다시마부각,다시마튀각,후식
머루포도,포도(세레단)/친환경,후식
토란탕,다시마/말린것(건조),국
대구살전,달걀,반찬
우엉생땅콩조림,간장(양조간장)/친환경,반찬
삼치살된장구이,된장,반찬
녹두빈대떡,녹두빈대떡/반죽,후식
갑오징어채소볶음,갑오징어,반찬
들깨탕수제비,감자,국
새송이부추초무침,"깨(참깨)/볶은것,껍질제거(깐것)",반찬
사과대추,대추(사과대추)/일반,후식
팽이된장국,다시마/말린것(건조),국
토마토그린샐러드,건포도,후식
김치양송이볶음,김치(배추김치),반찬
가자미살유린기/소스,가자미,반찬
단호박영양밥,다시마/말린것(건조),밥
쇠고기샤브,다시마/말린것(건조),국
무나물,고추(붉은고추(홍고추))/친환경,반찬
오리구이,가지/친환경,반찬
감귤쥬스,주스(감귤주스)/친환경,후식
멸치아몬드조림,"마늘/껍질제거(깐것),꼭지제거",반찬
요거트과일샐러드,마요네즈(유정란),후식
삼색청포묵무침,김가루/조미한것,반찬
쇠고기야채죽,감자,밥
프렌치토스트,달걀(전란),후식
연시,감(연시),후식
치즈달걀말이,달걀(기능성),반찬
깻잎지,깻잎지절임,반찬
장단콩초콜릿,초콜릿(땅콩초콜릿),후식
사과양배추샐러드,건포도,후식
짬뽕국,고추(붉은고추(홍고추)),국
치킨마요덮밥,달걀,밥
미니붕어빵,붕어빵(미니붕어빵),후식
나박물김치,김치(나박김치),김치
감말랭이,감(말랭이),후식
맑은순두부국,고추(붉은고추(홍고추)),국
시래기된장나물,들기름,반찬
콘샐러드,레몬,후식
수제등심돈까스/소스,달걀(전란),반찬
시금치겉절이,시금치,김치
치즈볼튀김,치즈볼,후식
대하찜/레몬고추장,레몬,반찬
찹스테이크,"마늘/껍질제거(깐것),꼭지제거",반찬
반건시,감(반건시),후식
감자비트전,감자,반찬
미니마카롱,슈(딸기슈),후식
머위들깨나물,"깨(들깨)/볶은것,간것(가루,분말)",반찬
떡만두국,다시마/말린것(건조),국
매운어묵배춧국,고추장,국
무생채,"깨(참깨)/볶은것,껍질제거(깐것)",반찬
당근부각,"부각(당근부각)/국용,반조리,절단된것",후식
오징어링튀김,밀가루/친환경,후식
진미채무침,"마늘/껍질제거(깐것),꼭지제거",반찬
순대볶음,깻잎나물(깨나물),반찬
유채나물,"깨(참깨)/볶은것,껍질제거(깐것)",반찬
삼치데리야끼조림,깨(참깨),반찬
딸기,딸기,후식
토마코펜라이스밥,멥쌀(백미)/친환경,밥
낙지연포탕,고추(붉은고추(홍고추)),국
모듬장조림,간장(양조간장)/친환경,반찬
황금향,오렌지,후식
동치미,김치(동치미),김치
팥시루떡,시루떡(팥시루떡),후식
사과당근비트쥬스,주스(과일채소샐러드주스),후식
낙지비빔밥/땅콩초고추장,낙지,밥
누룽지탕,멥쌀(백미)/친환경,국
가마보꼬핫바/소스,드레싱(허니머스터드드레싱),반찬
천혜향,오렌지,후식
그릴닭다리바베큐,스테이크(통닭다리스테이크),반찬
시금치감자국,감자/껍질제거(깐것),국
돌김자반,돌김,반찬
한라봉,오렌지,후식
돼지갈비떡찜,간장(양조간장),반찬
탕평채,간장,반찬
유부국,"가다랑어/고명용,말린것(건조)",국
미니호빵,호빵(동물모양호빵),후식
마시는요구르트,발효유(액상요구르트),후식
강낭콩밥,강낭콩,밥
닭윙데리야끼소스구이,간장(양조간장),반찬
감귤쥬스,주스(감귤주스),후식
치즈샐러드,다채(그린비타민)싹/친환경,후식
포크커틀렛/소스,달걀(난백),반찬
사골떡국,김가루,국
코다리강정,간장,반찬
렌틸콩카레라이스,감자/껍질제거(깐것),국
떠먹는요구르트,발효유(호상요구르트)/가당,후식
초코와플,분말(설탕분말),후식
사골우거지국,고추장,국
돈육두루치기,간장(양조간장),반찬
설렁탕/소면,국수,국
가자미살구이,"가자미/강정용,순살",반찬
소고기메추리알장조림,간장/장아찌용,반찬
